ebene,name,n,anteil,ku,ko
Kanal,"Supermarkt (Regal, Display)",131,46.5,40.6,52.4
Kanal,In keinem dieser Kanäle,70,22.6,18.0,28.0
Kanal,Instagram/Facebook,64,24.4,19.6,29.9
Kanal,TV-Werbung,40,14.3,10.6,19.0
Kanal,Printwerbung,28,9.2,6.3,13.3
Kanal,Werbung auf Websites,24,8.1,5.4,12.0
Kanal,Mundpropaganda,22,7.7,5.0,11.5
Kanal,TikTok,20,8.7,5.9,12.7
Kanal,Außenwerbung,20,7.2,4.7,11.0
Kanal,YouTube,16,6.8,4.3,10.4
Kanal,Influencer-Empfehlungen,13,4.8,2.8,8.1
Gruppe,Handel,131,46.5,40.6,52.4
Gruppe,Klassische Medien,74,26.0,21.1,31.5
Gruppe,Digital und Social,91,34.4,29.0,40.3
Gruppe,Persönlich,22,7.7,5.0,11.5
Erwägung je Kanal,TV-Werbung,40,23.1,12.5,38.6
Erwägung je Kanal,Printwerbung,28,24.4,12.0,43.3
Erwägung je Kanal,Werbung auf Websites,24,42.9,25.0,62.8
Erwägung je Kanal,Instagram/Facebook,64,32.9,22.4,45.6
Erwägung je Kanal,YouTube,16,21.8,8.1,46.9
Erwägung je Kanal,TikTok,20,29.6,14.0,52.0
Erwägung je Kanal,"Supermarkt (Regal, Display)",131,34.8,26.9,43.6
Erwägung je Kanal,Mundpropaganda,22,42.6,24.1,63.5
Erwägung je Kanal,Außenwerbung,20,23.3,9.8,45.9
Erwägung je Kanal,In keinem dieser Kanäle,70,17.1,9.9,28.0
