code,marke,bekanntheit,bekanntheit_n,bekanntheit_ku,bekanntheit_ko,betracht,betracht_n,kauf,kauf_n,konv_bek_bet,konv_bet_kauf,konv_bek_kauf
12,Milka,94.2,534,91.9,95.9,51.1,290,39.1,222,54.2,61.8,41.5
11,Mars,94.0,533,91.7,95.7,37.1,221,20.4,124,39.5,42.3,21.7
3,Bounty,91.1,514,88.4,93.3,37.4,217,17.3,105,41.0,39.9,19.0
17,Snickers,91.0,512,88.2,93.2,38.1,209,21.2,121,41.8,41.8,23.3
10,Manner,89.4,506,86.4,91.7,46.8,270,29.4,180,52.4,53.2,32.9
8,Kinder,87.8,487,84.8,90.3,47.9,253,40.7,221,54.5,68.3,46.4
9,Knoppers,87.8,491,84.7,90.3,41.0,225,19.4,110,46.7,40.9,22.1
1,Balisto,85.1,481,81.8,87.9,39.4,219,20.0,112,46.3,43.5,23.5
5,Dragee Keksi (Napoli),80.5,458,76.9,83.7,30.2,176,15.3,90,37.5,37.1,19.0
6,Hanuta,73.8,413,69.8,77.3,21.7,119,6.6,40,29.5,20.6,8.9
16,Pick Up!,72.0,388,68.0,75.7,29.5,151,12.6,67,41.0,35.4,17.5
4,Corny,71.1,386,67.1,74.8,27.0,136,10.7,54,38.0,32.5,15.0
13,NEOH,53.3,287,49.0,57.5,13.6,74,8.2,47,25.6,49.5,15.5
19,More Nutrition,28.1,143,24.4,32.1,7.9,42,4.0,23,28.2,36.5,14.2
18,AHEAD,13.3,73,10.7,16.5,5.8,32,3.2,17,43.5,38.7,24.1
20,Foodspring,12.4,69,9.9,15.5,2.7,16,0.8,5,21.5,30.8,6.6
14,Nicks,10.5,60,8.1,13.4,1.6,9,0.2,1,15.8,11.0,1.7
2,BE-KIND,8.6,45,6.5,11.4,2.5,13,0.9,4,28.5,36.0,10.2
15,Nucao,4.8,25,3.3,6.9,1.5,7,1.0,5,30.4,70.3,21.4
7,Ketofabrik (Keast),2.2,14,1.2,3.8,0.5,3,0.1,1,22.0,27.8,6.1
