marke,gestuetzt,ungestuetzt,erinnerungsquote,tom,tom_anteil_ung,pos_median,nennungen
Milka,94.2,37.63,39.95,23.5,62.44,1.0,213
Mars,94.0,43.11,45.86,21.2,49.18,2.0,244
Bounty,91.1,20.49,22.5,1.24,6.03,3.0,116
Snickers,91.0,23.85,26.21,4.59,19.26,2.0,135
Manner,89.4,3.0,3.36,0.88,29.41,2.0,17
Kinder,87.8,31.45,35.82,16.96,53.93,1.0,178
Knoppers,87.8,4.77,5.43,1.24,25.93,3.0,27
Balisto,85.1,7.42,8.72,1.24,16.67,3.0,42
Dragee Keksi (Napoli),80.5,0.0,0.0,0.0,0,nan,0
Hanuta,73.8,0.71,0.96,0.0,0.0,4.0,4
Pick Up!,72.0,1.41,1.96,0.35,25.0,2.5,8
Corny,71.1,5.65,7.95,2.3,40.62,2.0,32
NEOH,53.3,4.42,8.29,2.12,48.0,2.0,25
More Nutrition,28.1,1.77,6.29,0.35,20.0,3.0,10
AHEAD,13.3,0.71,5.31,0.0,0.0,2.0,4
Foodspring,12.4,0.0,0.0,0.0,0,nan,0
Nicks,10.5,0.0,0.0,0.0,0,nan,0
BE-KIND,8.6,0.0,0.0,0.0,0,nan,0
